"queen","mutation","solution","n","min_generation","mean_generation","wins_mean_generation","Q1_generation","med_generation","Q3_generation","max_generation","sd_generation"
8,"variable",92,30,5123,15292.9,14611.6266666667,9300,12742,19145.25,42002,8430.12161874884
9,"variable",352,30,229242,1246214.53333333,1212377.83333333,786913.5,1085905,1407797,3038980,728649.60745855
10,"0.9",724,30,188372,408402.266666667,399987.103333333,332397,389595,500137.75,771208,132969.565164087
10,"variable",724,30,531588,1629892.63333333,1508857.95,1029332.5,1439520.5,1910442.25,6195099,1015293.39755249
11,"0.85",2680,30,2400188,3799795.26666667,3734483.53,3100117,3744996,4391140.25,5933213,897540.889601288
11,"variable",2680,5,6900512,7909269.2,7841688.96,7447077,7690985,8058227,9449545,958318.667838209
12,"0.85",13690,1,9890455,9890455,9890455,9890455,9890455,9890455,9890455,NA
12,"variable",11986,1,9973787,9973787,9973787,9973787,9973787,9973787,9973787,NA
